condition,interaction_index,item_id,participant_id,questionnaire_id,run_session_id,value
A,1,closeness_comfort,test,5,exp-6226a8111382d9bf,4
A,1,closeness_connected,test,5,exp-6226a8111382d9bf,4
A,1,closeness_warm,test,5,exp-6226a8111382d9bf,4
A,1,ctx_dependable,test,5,exp-6226a8111382d9bf,4
A,1,ctx_knew_me,test,5,exp-6226a8111382d9bf,4
A,1,ctx_trust,test,5,exp-6226a8111382d9bf,4
A,1,ctx_understood,test,5,exp-6226a8111382d9bf,4
A,1,fam_familiar,test,5,exp-6226a8111382d9bf,4
A,1,fam_implicit,test,5,exp-6226a8111382d9bf,4
A,1,fam_recognizable,test,5,exp-6226a8111382d9bf,4
A,1,fam_someone,test,5,exp-6226a8111382d9bf,4
A,1,fam_style,test,5,exp-6226a8111382d9bf,4
A,1,gs_anim_apathetic,test,5,exp-6226a8111382d9bf,3
A,1,gs_anim_artificial,test,5,exp-6226a8111382d9bf,3
A,1,gs_anim_dead,test,5,exp-6226a8111382d9bf,3
A,1,gs_anim_inert,test,5,exp-6226a8111382d9bf,3
A,1,gs_anim_mechanical,test,5,exp-6226a8111382d9bf,3
A,1,gs_anim_stagnant,test,5,exp-6226a8111382d9bf,3
A,1,gs_anthro_artificial,test,5,exp-6226a8111382d9bf,3
A,1,gs_anthro_fake,test,5,exp-6226a8111382d9bf,3
A,1,gs_anthro_machine,test,5,exp-6226a8111382d9bf,3
A,1,gs_anthro_rigid,test,5,exp-6226a8111382d9bf,3
A,1,gs_anthro_unconscious,test,5,exp-6226a8111382d9bf,3
A,1,gs_intel_foolish,test,5,exp-6226a8111382d9bf,3
A,1,gs_intel_ignorant,test,5,exp-6226a8111382d9bf,3
A,1,gs_intel_incompetent,test,5,exp-6226a8111382d9bf,3
A,1,gs_intel_irresponsible,test,5,exp-6226a8111382d9bf,3
A,1,gs_intel_unintelligent,test,5,exp-6226a8111382d9bf,3
A,1,gs_like_dislike,test,5,exp-6226a8111382d9bf,3
A,1,gs_like_unfriendly,test,5,exp-6226a8111382d9bf,3
A,1,gs_like_unkind,test,5,exp-6226a8111382d9bf,3
A,1,gs_like_unpleasant,test,5,exp-6226a8111382d9bf,3
A,1,gs_safe_agitated,test,5,exp-6226a8111382d9bf,3
A,1,gs_safe_anxious,test,5,exp-6226a8111382d9bf,3
A,1,gs_safe_quiescent,test,5,exp-6226a8111382d9bf,3
A,1,sam_arousal,test,5,exp-6226a8111382d9bf,5
A,1,sam_dominance,test,5,exp-6226a8111382d9bf,5
A,1,sam_valence,test,5,exp-6226a8111382d9bf,5
A,1,closeness_comfort,pf002,6,exp-70d0b68738d7b9b3,2
A,1,closeness_connected,pf002,6,exp-70d0b68738d7b9b3,2
A,1,closeness_warm,pf002,6,exp-70d0b68738d7b9b3,1
A,1,ctx_dependable,pf002,6,exp-70d0b68738d7b9b3,7
A,1,ctx_knew_me,pf002,6,exp-70d0b68738d7b9b3,6
A,1,ctx_trust,pf002,6,exp-70d0b68738d7b9b3,3
A,1,ctx_understood,pf002,6,exp-70d0b68738d7b9b3,5
A,1,fam_familiar,pf002,6,exp-70d0b68738d7b9b3,5
A,1,fam_implicit,pf002,6,exp-70d0b68738d7b9b3,4
A,1,fam_recognizable,pf002,6,exp-70d0b68738d7b9b3,6
A,1,fam_someone,pf002,6,exp-70d0b68738d7b9b3,6
A,1,fam_style,pf002,6,exp-70d0b68738d7b9b3,3
A,1,gs_anim_apathetic,pf002,6,exp-70d0b68738d7b9b3,5
A,1,gs_anim_artificial,pf002,6,exp-70d0b68738d7b9b3,1
A,1,gs_anim_dead,pf002,6,exp-70d0b68738d7b9b3,4
A,1,gs_anim_inert,pf002,6,exp-70d0b68738d7b9b3,4
A,1,gs_anim_mechanical,pf002,6,exp-70d0b68738d7b9b3,2
A,1,gs_anim_stagnant,pf002,6,exp-70d0b68738d7b9b3,4
A,1,gs_anthro_artificial,pf002,6,exp-70d0b68738d7b9b3,2
A,1,gs_anthro_fake,pf002,6,exp-70d0b68738d7b9b3,2
A,1,gs_anthro_machine,pf002,6,exp-70d0b68738d7b9b3,2
A,1,gs_anthro_rigid,pf002,6,exp-70d0b68738d7b9b3,4
A,1,gs_anthro_unconscious,pf002,6,exp-70d0b68738d7b9b3,2
A,1,gs_intel_foolish,pf002,6,exp-70d0b68738d7b9b3,3
A,1,gs_intel_ignorant,pf002,6,exp-70d0b68738d7b9b3,5
A,1,gs_intel_incompetent,pf002,6,exp-70d0b68738d7b9b3,4
A,1,gs_intel_irresponsible,pf002,6,exp-70d0b68738d7b9b3,5
A,1,gs_intel_unintelligent,pf002,6,exp-70d0b68738d7b9b3,4
A,1,gs_like_dislike,pf002,6,exp-70d0b68738d7b9b3,2
A,1,gs_like_unfriendly,pf002,6,exp-70d0b68738d7b9b3,4
A,1,gs_like_unkind,pf002,6,exp-70d0b68738d7b9b3,4
A,1,gs_like_unpleasant,pf002,6,exp-70d0b68738d7b9b3,2
A,1,gs_safe_agitated,pf002,6,exp-70d0b68738d7b9b3,4
A,1,gs_safe_anxious,pf002,6,exp-70d0b68738d7b9b3,1
A,1,gs_safe_quiescent,pf002,6,exp-70d0b68738d7b9b3,3
A,1,sam_arousal,pf002,6,exp-70d0b68738d7b9b3,6
A,1,sam_dominance,pf002,6,exp-70d0b68738d7b9b3,3
A,1,sam_valence,pf002,6,exp-70d0b68738d7b9b3,3
B,2,closeness_comfort,pf002,7,exp-70d0b68738d7b9b3,1
B,2,closeness_connected,pf002,7,exp-70d0b68738d7b9b3,3
B,2,closeness_warm,pf002,7,exp-70d0b68738d7b9b3,2
B,2,ctx_dependable,pf002,7,exp-70d0b68738d7b9b3,7
B,2,ctx_knew_me,pf002,7,exp-70d0b68738d7b9b3,1
B,2,ctx_trust,pf002,7,exp-70d0b68738d7b9b3,6
B,2,ctx_understood,pf002,7,exp-70d0b68738d7b9b3,5
B,2,fam_familiar,pf002,7,exp-70d0b68738d7b9b3,2
B,2,fam_implicit,pf002,7,exp-70d0b68738d7b9b3,1
B,2,fam_recognizable,pf002,7,exp-70d0b68738d7b9b3,1
B,2,fam_someone,pf002,7,exp-70d0b68738d7b9b3,1
B,2,fam_style,pf002,7,exp-70d0b68738d7b9b3,1
B,2,gs_anim_apathetic,pf002,7,exp-70d0b68738d7b9b3,5
B,2,gs_anim_artificial,pf002,7,exp-70d0b68738d7b9b3,2
B,2,gs_anim_dead,pf002,7,exp-70d0b68738d7b9b3,1
B,2,gs_anim_inert,pf002,7,exp-70d0b68738d7b9b3,4
B,2,gs_anim_mechanical,pf002,7,exp-70d0b68738d7b9b3,2
B,2,gs_anim_stagnant,pf002,7,exp-70d0b68738d7b9b3,2
B,2,gs_anthro_artificial,pf002,7,exp-70d0b68738d7b9b3,2
B,2,gs_anthro_fake,pf002,7,exp-70d0b68738d7b9b3,1
B,2,gs_anthro_machine,pf002,7,exp-70d0b68738d7b9b3,1
B,2,gs_anthro_rigid,pf002,7,exp-70d0b68738d7b9b3,2
B,2,gs_anthro_unconscious,pf002,7,exp-70d0b68738d7b9b3,1
B,2,gs_intel_foolish,pf002,7,exp-70d0b68738d7b9b3,4
B,2,gs_intel_ignorant,pf002,7,exp-70d0b68738d7b9b3,5
B,2,gs_intel_incompetent,pf002,7,exp-70d0b68738d7b9b3,5
B,2,gs_intel_irresponsible,pf002,7,exp-70d0b68738d7b9b3,5
B,2,gs_intel_unintelligent,pf002,7,exp-70d0b68738d7b9b3,5
B,2,gs_like_dislike,pf002,7,exp-70d0b68738d7b9b3,5
B,2,gs_like_unfriendly,pf002,7,exp-70d0b68738d7b9b3,2
B,2,gs_like_unkind,pf002,7,exp-70d0b68738d7b9b3,4
B,2,gs_like_unpleasant,pf002,7,exp-70d0b68738d7b9b3,3
B,2,gs_safe_agitated,pf002,7,exp-70d0b68738d7b9b3,4
B,2,gs_safe_anxious,pf002,7,exp-70d0b68738d7b9b3,2
B,2,gs_safe_quiescent,pf002,7,exp-70d0b68738d7b9b3,1
B,2,sam_arousal,pf002,7,exp-70d0b68738d7b9b3,6
B,2,sam_dominance,pf002,7,exp-70d0b68738d7b9b3,3
B,2,sam_valence,pf002,7,exp-70d0b68738d7b9b3,6
B,1,closeness_comfort,pf004,8,exp-e73ee18b6c259505,4
B,1,closeness_connected,pf004,8,exp-e73ee18b6c259505,4
B,1,closeness_warm,pf004,8,exp-e73ee18b6c259505,4
B,1,ctx_dependable,pf004,8,exp-e73ee18b6c259505,4
B,1,ctx_knew_me,pf004,8,exp-e73ee18b6c259505,4
B,1,ctx_trust,pf004,8,exp-e73ee18b6c259505,4
B,1,ctx_understood,pf004,8,exp-e73ee18b6c259505,4
B,1,fam_familiar,pf004,8,exp-e73ee18b6c259505,4
B,1,fam_implicit,pf004,8,exp-e73ee18b6c259505,4
B,1,fam_recognizable,pf004,8,exp-e73ee18b6c259505,4
B,1,fam_someone,pf004,8,exp-e73ee18b6c259505,4
B,1,fam_style,pf004,8,exp-e73ee18b6c259505,4
B,1,gs_anim_apathetic,pf004,8,exp-e73ee18b6c259505,3
B,1,gs_anim_artificial,pf004,8,exp-e73ee18b6c259505,3
B,1,gs_anim_dead,pf004,8,exp-e73ee18b6c259505,3
B,1,gs_anim_inert,pf004,8,exp-e73ee18b6c259505,3
B,1,gs_anim_mechanical,pf004,8,exp-e73ee18b6c259505,3
B,1,gs_anim_stagnant,pf004,8,exp-e73ee18b6c259505,3
B,1,gs_anthro_artificial,pf004,8,exp-e73ee18b6c259505,3
B,1,gs_anthro_fake,pf004,8,exp-e73ee18b6c259505,3
B,1,gs_anthro_machine,pf004,8,exp-e73ee18b6c259505,3
B,1,gs_anthro_rigid,pf004,8,exp-e73ee18b6c259505,3
B,1,gs_anthro_unconscious,pf004,8,exp-e73ee18b6c259505,3
B,1,gs_intel_foolish,pf004,8,exp-e73ee18b6c259505,3
B,1,gs_intel_ignorant,pf004,8,exp-e73ee18b6c259505,3
B,1,gs_intel_incompetent,pf004,8,exp-e73ee18b6c259505,3
B,1,gs_intel_irresponsible,pf004,8,exp-e73ee18b6c259505,3
B,1,gs_intel_unintelligent,pf004,8,exp-e73ee18b6c259505,3
B,1,gs_like_dislike,pf004,8,exp-e73ee18b6c259505,3
B,1,gs_like_unfriendly,pf004,8,exp-e73ee18b6c259505,3
B,1,gs_like_unkind,pf004,8,exp-e73ee18b6c259505,3
B,1,gs_like_unpleasant,pf004,8,exp-e73ee18b6c259505,3
B,1,gs_safe_agitated,pf004,8,exp-e73ee18b6c259505,3
B,1,gs_safe_anxious,pf004,8,exp-e73ee18b6c259505,3
B,1,gs_safe_quiescent,pf004,8,exp-e73ee18b6c259505,3
B,1,sam_arousal,pf004,8,exp-e73ee18b6c259505,5
B,1,sam_dominance,pf004,8,exp-e73ee18b6c259505,7
B,1,sam_valence,pf004,8,exp-e73ee18b6c259505,8
A,2,closeness_comfort,pf004,9,exp-e73ee18b6c259505,4
A,2,closeness_connected,pf004,9,exp-e73ee18b6c259505,4
A,2,closeness_warm,pf004,9,exp-e73ee18b6c259505,4
A,2,ctx_dependable,pf004,9,exp-e73ee18b6c259505,4
A,2,ctx_knew_me,pf004,9,exp-e73ee18b6c259505,4
A,2,ctx_trust,pf004,9,exp-e73ee18b6c259505,4
A,2,ctx_understood,pf004,9,exp-e73ee18b6c259505,4
A,2,fam_familiar,pf004,9,exp-e73ee18b6c259505,4
A,2,fam_implicit,pf004,9,exp-e73ee18b6c259505,4
A,2,fam_recognizable,pf004,9,exp-e73ee18b6c259505,4
A,2,fam_someone,pf004,9,exp-e73ee18b6c259505,4
A,2,fam_style,pf004,9,exp-e73ee18b6c259505,4
A,2,gs_anim_apathetic,pf004,9,exp-e73ee18b6c259505,3
A,2,gs_anim_artificial,pf004,9,exp-e73ee18b6c259505,3
A,2,gs_anim_dead,pf004,9,exp-e73ee18b6c259505,3
A,2,gs_anim_inert,pf004,9,exp-e73ee18b6c259505,3
A,2,gs_anim_mechanical,pf004,9,exp-e73ee18b6c259505,3
A,2,gs_anim_stagnant,pf004,9,exp-e73ee18b6c259505,3
A,2,gs_anthro_artificial,pf004,9,exp-e73ee18b6c259505,3
A,2,gs_anthro_fake,pf004,9,exp-e73ee18b6c259505,3
A,2,gs_anthro_machine,pf004,9,exp-e73ee18b6c259505,3
A,2,gs_anthro_rigid,pf004,9,exp-e73ee18b6c259505,3
A,2,gs_anthro_unconscious,pf004,9,exp-e73ee18b6c259505,3
A,2,gs_intel_foolish,pf004,9,exp-e73ee18b6c259505,3
A,2,gs_intel_ignorant,pf004,9,exp-e73ee18b6c259505,3
A,2,gs_intel_incompetent,pf004,9,exp-e73ee18b6c259505,3
A,2,gs_intel_irresponsible,pf004,9,exp-e73ee18b6c259505,3
A,2,gs_intel_unintelligent,pf004,9,exp-e73ee18b6c259505,3
A,2,gs_like_dislike,pf004,9,exp-e73ee18b6c259505,3
A,2,gs_like_unfriendly,pf004,9,exp-e73ee18b6c259505,3
A,2,gs_like_unkind,pf004,9,exp-e73ee18b6c259505,3
A,2,gs_like_unpleasant,pf004,9,exp-e73ee18b6c259505,3
A,2,gs_safe_agitated,pf004,9,exp-e73ee18b6c259505,3
A,2,gs_safe_anxious,pf004,9,exp-e73ee18b6c259505,3
A,2,gs_safe_quiescent,pf004,9,exp-e73ee18b6c259505,3
A,2,sam_arousal,pf004,9,exp-e73ee18b6c259505,5
A,2,sam_dominance,pf004,9,exp-e73ee18b6c259505,5
A,2,sam_valence,pf004,9,exp-e73ee18b6c259505,8
A,1,closeness_comfort,pf005,10,exp-bab25091ac7cd8dc,7
A,1,closeness_connected,pf005,10,exp-bab25091ac7cd8dc,7
A,1,closeness_warm,pf005,10,exp-bab25091ac7cd8dc,7
A,1,ctx_dependable,pf005,10,exp-bab25091ac7cd8dc,7
A,1,ctx_knew_me,pf005,10,exp-bab25091ac7cd8dc,7
A,1,ctx_trust,pf005,10,exp-bab25091ac7cd8dc,7
A,1,ctx_understood,pf005,10,exp-bab25091ac7cd8dc,7
A,1,fam_familiar,pf005,10,exp-bab25091ac7cd8dc,1
A,1,fam_implicit,pf005,10,exp-bab25091ac7cd8dc,1
A,1,fam_recognizable,pf005,10,exp-bab25091ac7cd8dc,1
A,1,fam_someone,pf005,10,exp-bab25091ac7cd8dc,1
A,1,fam_style,pf005,10,exp-bab25091ac7cd8dc,4
A,1,gs_anim_apathetic,pf005,10,exp-bab25091ac7cd8dc,5
A,1,gs_anim_artificial,pf005,10,exp-bab25091ac7cd8dc,4
A,1,gs_anim_dead,pf005,10,exp-bab25091ac7cd8dc,5
A,1,gs_anim_inert,pf005,10,exp-bab25091ac7cd8dc,5
A,1,gs_anim_mechanical,pf005,10,exp-bab25091ac7cd8dc,5
A,1,gs_anim_stagnant,pf005,10,exp-bab25091ac7cd8dc,5
A,1,gs_anthro_artificial,pf005,10,exp-bab25091ac7cd8dc,4
A,1,gs_anthro_fake,pf005,10,exp-bab25091ac7cd8dc,4
A,1,gs_anthro_machine,pf005,10,exp-bab25091ac7cd8dc,4
A,1,gs_anthro_rigid,pf005,10,exp-bab25091ac7cd8dc,4
A,1,gs_anthro_unconscious,pf005,10,exp-bab25091ac7cd8dc,5
A,1,gs_intel_foolish,pf005,10,exp-bab25091ac7cd8dc,5
A,1,gs_intel_ignorant,pf005,10,exp-bab25091ac7cd8dc,5
A,1,gs_intel_incompetent,pf005,10,exp-bab25091ac7cd8dc,5
A,1,gs_intel_irresponsible,pf005,10,exp-bab25091ac7cd8dc,5
A,1,gs_intel_unintelligent,pf005,10,exp-bab25091ac7cd8dc,5
A,1,gs_like_dislike,pf005,10,exp-bab25091ac7cd8dc,5
A,1,gs_like_unfriendly,pf005,10,exp-bab25091ac7cd8dc,5
A,1,gs_like_unkind,pf005,10,exp-bab25091ac7cd8dc,5
A,1,gs_like_unpleasant,pf005,10,exp-bab25091ac7cd8dc,5
A,1,gs_safe_agitated,pf005,10,exp-bab25091ac7cd8dc,1
A,1,gs_safe_anxious,pf005,10,exp-bab25091ac7cd8dc,5
A,1,gs_safe_quiescent,pf005,10,exp-bab25091ac7cd8dc,3
A,1,sam_arousal,pf005,10,exp-bab25091ac7cd8dc,9
A,1,sam_dominance,pf005,10,exp-bab25091ac7cd8dc,9
A,1,sam_valence,pf005,10,exp-bab25091ac7cd8dc,8
B,2,closeness_comfort,pf005,11,exp-bab25091ac7cd8dc,4
B,2,closeness_connected,pf005,11,exp-bab25091ac7cd8dc,4
B,2,closeness_warm,pf005,11,exp-bab25091ac7cd8dc,4
B,2,ctx_dependable,pf005,11,exp-bab25091ac7cd8dc,4
B,2,ctx_knew_me,pf005,11,exp-bab25091ac7cd8dc,4
B,2,ctx_trust,pf005,11,exp-bab25091ac7cd8dc,4
B,2,ctx_understood,pf005,11,exp-bab25091ac7cd8dc,7
B,2,fam_familiar,pf005,11,exp-bab25091ac7cd8dc,1
B,2,fam_implicit,pf005,11,exp-bab25091ac7cd8dc,1
B,2,fam_recognizable,pf005,11,exp-bab25091ac7cd8dc,1
B,2,fam_someone,pf005,11,exp-bab25091ac7cd8dc,1
B,2,fam_style,pf005,11,exp-bab25091ac7cd8dc,4
B,2,gs_anim_apathetic,pf005,11,exp-bab25091ac7cd8dc,3
B,2,gs_anim_artificial,pf005,11,exp-bab25091ac7cd8dc,3
B,2,gs_anim_dead,pf005,11,exp-bab25091ac7cd8dc,3
B,2,gs_anim_inert,pf005,11,exp-bab25091ac7cd8dc,3
B,2,gs_anim_mechanical,pf005,11,exp-bab25091ac7cd8dc,3
B,2,gs_anim_stagnant,pf005,11,exp-bab25091ac7cd8dc,3
B,2,gs_anthro_artificial,pf005,11,exp-bab25091ac7cd8dc,3
B,2,gs_anthro_fake,pf005,11,exp-bab25091ac7cd8dc,3
B,2,gs_anthro_machine,pf005,11,exp-bab25091ac7cd8dc,3
B,2,gs_anthro_rigid,pf005,11,exp-bab25091ac7cd8dc,3
B,2,gs_anthro_unconscious,pf005,11,exp-bab25091ac7cd8dc,3
B,2,gs_intel_foolish,pf005,11,exp-bab25091ac7cd8dc,3
B,2,gs_intel_ignorant,pf005,11,exp-bab25091ac7cd8dc,3
B,2,gs_intel_incompetent,pf005,11,exp-bab25091ac7cd8dc,3
B,2,gs_intel_irresponsible,pf005,11,exp-bab25091ac7cd8dc,3
B,2,gs_intel_unintelligent,pf005,11,exp-bab25091ac7cd8dc,3
B,2,gs_like_dislike,pf005,11,exp-bab25091ac7cd8dc,3
B,2,gs_like_unfriendly,pf005,11,exp-bab25091ac7cd8dc,3
B,2,gs_like_unkind,pf005,11,exp-bab25091ac7cd8dc,3
B,2,gs_like_unpleasant,pf005,11,exp-bab25091ac7cd8dc,3
B,2,gs_safe_agitated,pf005,11,exp-bab25091ac7cd8dc,3
B,2,gs_safe_anxious,pf005,11,exp-bab25091ac7cd8dc,3
B,2,gs_safe_quiescent,pf005,11,exp-bab25091ac7cd8dc,3
B,2,sam_arousal,pf005,11,exp-bab25091ac7cd8dc,5
B,2,sam_dominance,pf005,11,exp-bab25091ac7cd8dc,5
B,2,sam_valence,pf005,11,exp-bab25091ac7cd8dc,5
